teste 1,teste 2,teste 3,teste 4
Nunc.mauris@anteipsumprimis.org,Noah,"Jan 12, 2019",34608015599
est.ac.mattis@Vestibulumanteipsum.ca,Maxwell,"May 21, 2019",80553968999
aliquet.Proin@nequepellentesque.ca,Jerome,"Nov 13, 2019",20802462099
fringilla@miDuis.org,Tyrone,"Oct 7, 2019",02906785399
Quisque@egestas.edu,Maxwell,"Feb 20, 2019",99528153699
vel.vulputate@sitametfaucibus.net,Wesley,"Aug 18, 2018",57317198599
pede.Cum@eget.ca,Leroy,"Jun 27, 2019",01750322999
pharetra.Nam.ac@Proin.ca,Colby,"Apr 4, 2019",30253345699
Proin.ultrices.Duis@Integersemelit.edu,Cole,"May 30, 2020",50921024599
dis@mauriselit.org,Clark,"Aug 8, 2018",15381671199
enim.nisl@duilectusrutrum.ca,Kermit,"Apr 28, 2020",80463365799
vel@Nullamscelerisque.com,Keane,"May 29, 2019",37441240599
nec@Etiam.co.uk,Aidan,"Apr 30, 2020",91987325199
aliquet.libero@nislMaecenas.net,Robert,"Jul 3, 2020",34391154499
turpis.Aliquam@iaculisenim.co.uk,Ignatius,"Apr 10, 2020",59639121599
eleifend.nunc.risus@egestasa.edu,Leonard,"Jul 30, 2018",78875265399
dolor.sit.amet@tristiqueneque.org,Ivan,"Feb 26, 2020",61479580599
ultrices.mauris@dignissimpharetra.edu,Abel,"May 25, 2020",07595614699
Proin.velit@etpedeNunc.net,Hiram,"May 27, 2020",93494040399
tempus@velit.ca,Tucker,"Aug 10, 2019",93318357799
facilisis.facilisis.magna@dolor.net,Brett,"Jul 27, 2018",44539835599
quis.tristique@utsem.edu,Cadman,"Jan 28, 2019",07275857699
Mauris.non@iaculisneceleifend.net,Michael,"Jun 29, 2019",31410017099
sodales@maurisrhoncusid.edu,Jerome,"Nov 19, 2019",10408982499
dis@arcu.edu,Jerome,"Nov 9, 2019",12708040899
nunc@nullaInteger.org,Brian,"Jan 5, 2019",21887856899
In.scelerisque@hendreritidante.com,Reece,"Aug 4, 2018",24331991999
sapien.Cras.dolor@vitaesodalesat.co.uk,Amos,"Aug 27, 2019",94247271299
parturient@suscipitnonummy.com,Deacon,"Dec 1, 2019",12697955099
Vivamus.molestie@estmauris.com,Colin,"Mar 13, 2020",54998332299
Aliquam.ultrices.iaculis@placerateget.ca,Benjamin,"Sep 15, 2018",31780925899
sem.magna.nec@tellusnonmagna.ca,Victor,"May 30, 2020",72609499899
lobortis@nectempus.edu,Hayes,"Nov 8, 2019",22635558799
eu.euismod@PhasellusnullaInteger.edu,Travis,"Dec 16, 2019",98577518499
vel@tempus.edu,Denton,"Oct 2, 2019",28992830699
Mauris.quis@egestasa.ca,Avram,"Dec 26, 2019",43655164899
faucibus.Morbi@Namporttitor.co.uk,Hamilton,"Jul 27, 2019",27858049199
odio@et.org,Leo,"Aug 21, 2018",01390787099
nec.tempus@venenatisvel.net,Ezra,"Oct 21, 2019",66753954499
habitant@elementumloremut.com,Benedict,"Oct 2, 2018",56928302899
vel.sapien@pellentesquemassalobortis.co.uk,Hiram,"Feb 22, 2019",21643655999
mauris.eu.elit@liberoInteger.com,Jermaine,"May 7, 2020",43975254999
Nullam.scelerisque@semmollisdui.com,Cadman,"Apr 22, 2020",99797566199
vestibulum.neque@fringillaeuismodenim.net,Carson,"Jul 21, 2019",86776880599
Duis.sit@mauriserat.edu,Kyle,"Mar 20, 2020",03382417199
turpis@viverraMaecenas.net,Giacomo,"Mar 3, 2019",43593355699
Suspendisse.ac.metus@eratsemperrutrum.ca,Orlando,"Jan 27, 2020",46894371799
libero.Proin.sed@ligula.edu,Walker,"May 9, 2020",64579816999
quam@liberoDonecconsectetuer.net,Kareem,"Dec 10, 2018",03825571999
Nullam.ut.nisi@sollicitudin.co.uk,Chandler,"Oct 30, 2018",78745666199
lectus.quis.massa@Duisvolutpatnunc.net,Kyle,"Jun 6, 2020",31434403099
fringilla.euismod@arcuimperdiet.co.uk,Conan,"Jun 11, 2019",43363808899
Nulla.semper@adipiscingenim.net,Warren,"Nov 25, 2019",04391527199
malesuada.vel@Fuscemi.net,Ashton,"Sep 23, 2019",75277858799
dui@arcueuodio.edu,Basil,"Feb 20, 2020",51575767999
sem.magna@erateget.edu,Rooney,"Aug 10, 2019",42796377099
nunc@magnisdisparturient.com,Cedric,"Jul 20, 2020",83579294299
Praesent.luctus.Curabitur@Integersem.ca,Drake,"Jul 13, 2019",94340579699
id.magna.et@velit.net,Amery,"Jul 4, 2019",97492284799
Cras.lorem@dolorQuisque.co.uk,Alfonso,"Jul 3, 2019",19390696899
tellus.lorem.eu@cursusvestibulumMauris.org,Lucian,"Aug 1, 2019",09550495499
fringilla.euismod.enim@interdumenim.ca,Shad,"Dec 10, 2019",83525864799
Sed.et.libero@ametmassaQuisque.net,Alvin,"Jul 16, 2020",54737827699
est@rutrumFuscedolor.co.uk,Martin,"Aug 11, 2018",06200896699
in.lobortis.tellus@quamquisdiam.ca,Palmer,"Jan 18, 2019",50935419199
morbi.tristique.senectus@maurisrhoncus.edu,Hoyt,"Dec 4, 2018",16584740199
fermentum.convallis@antedictumcursus.co.uk,Silas,"Aug 13, 2018",10763808799
Mauris.molestie@erat.org,Nash,"Dec 29, 2019",48926078599
tincidunt.nunc.ac@Uttincidunt.ca,Elmo,"Apr 26, 2019",21655335399
ornare@miAliquamgravida.edu,Jasper,"May 8, 2020",69731628199
nisl.sem@egetvolutpatornare.edu,Jakeem,"Apr 1, 2019",99860723799
orci.luctus@aliquetmagna.co.uk,Mason,"Jul 28, 2018",12868656899
tristique.aliquet@tincidunt.net,Addison,"Aug 10, 2019",77241694499
ultricies.dignissim.lacus@odiovelest.net,Cairo,"Jul 19, 2019",66709124099
tortor.Integer@Nullamenim.net,Herrod,"Sep 17, 2018",26995596199
ut.pharetra.sed@egetvarius.ca,Phillip,"Apr 1, 2020",30578436499
tempus.non.lacinia@utnisi.co.uk,Hilel,"Oct 28, 2019",70922955499
magnis.dis.parturient@cursusvestibulumMauris.co.uk,Keith,"May 17, 2019",60823143899
Curae@aarcu.co.uk,Ian,"May 8, 2019",79491722599
dignissim.Maecenas@sagittislobortis.ca,Tanner,"Dec 13, 2018",31634210999
eu.tellus@ultricesDuisvolutpat.net,Branden,"Aug 22, 2019",47862812999
Curae@amifringilla.com,Brock,"May 21, 2020",66619842699
sollicitudin.orci@venenatis.net,Lance,"Jan 9, 2020",16285332999
Donec.fringilla@elit.org,Todd,"Jun 10, 2019",80603548299
varius@dolornonummy.edu,Patrick,"Dec 5, 2018",24949824299
ipsum.Donec@congue.co.uk,Roth,"Feb 27, 2020",45693115699
tristique.pellentesque@nequeseddictum.org,Ryder,"Jan 25, 2019",52918886499
ornare.elit@maurisaliquameu.co.uk,Kamal,"Aug 25, 2018",34306959499
ipsum.Phasellus@Nulladignissim.co.uk,Grant,"Feb 4, 2019",13284028699
sed.libero.Proin@gravidanuncsed.com,Zeph,"Mar 11, 2019",38993778299
Nunc.ac.sem@non.net,Upton,"Oct 30, 2019",89882685799
ligula@dui.org,Dante,"Apr 21, 2019",92759589899
tincidunt.pede.ac@faucibusid.ca,Bruno,"Aug 6, 2019",08238759099
Donec@necmetus.com,Marvin,"Apr 8, 2019",99775961499
Sed@malesuada.edu,Coby,"Sep 15, 2019",01454307499
egestas.urna.justo@sitamet.com,Colin,"Apr 29, 2020",30756233899
aliquam.eros.turpis@nec.com,Brennan,"Nov 29, 2018",55954845499
nisl.sem@odioa.net,Nathaniel,"Apr 24, 2019",77652784899
In@mollislectuspede.net,Jeremy,"Apr 19, 2019",87459672199
turpis.Nulla.aliquet@egettincidunt.co.uk,Cade,"Apr 24, 2019",11399931299