Matrícula,Email,Nome,Nível Acesso
100,tempor.arcu@Suspendissesed.org,Zane,PROFESSOR
101,ullamcorper@diamloremauctor.co.uk,Len,PROFESSOR
102,taciti.sociosqu.ad@gravida.ca,Nicole,PROFESSOR
103,Maecenas.libero.est@natoque.co.uk,Lydia,PROFESSOR
104,ultricies.adipiscing@Aliquamauctorvelit.net,Audrey,PROFESSOR
105,tempor.arcu@Donecfeugiat.net,Alec,PROFESSOR
106,ultrices@adipiscingMauris.net,Quail,PROFESSOR
107,Suspendisse@bibendumullamcorperDuis.co.uk,Abigail,PROFESSOR
108,adipiscing.ligula.Aenean@consectetuereuismodest.ca,Evan,PROFESSOR
109,velit.dui.semper@Nam.ca,Keegan,PROFESSOR
110,Curae.Phasellus@ac.org,Paula,PROFESSOR
111,eros.Proin@eumetus.ca,Chloe,PROFESSOR
112,fringilla.mi@Integersemelit.org,Quentin,PROFESSOR
113,felis.eget@consectetuer.com,Cole,PROFESSOR
114,Vestibulum.accumsan.neque@ametdapibus.co.uk,Jessica,PROFESSOR
115,velit.Quisque@Namacnulla.org,Belle,PROFESSOR
116,semper.dui.lectus@in.com,Brielle,PROFESSOR
117,accumsan.interdum.libero@tempor.net,Amity,PROFESSOR
118,non.cursus.non@sitametdapibus.ca,Walter,PROFESSOR
119,ornare.tortor.at@dictum.ca,Anthony,PROFESSOR
120,sit.amet.consectetuer@disparturient.net,Kerry,PROFESSOR
121,Vivamus.molestie@mollisInteger.edu,Kevin,PROFESSOR
122,parturient.montes.nascetur@rutrumFuscedolor.edu,Cullen,PROFESSOR
123,id@nisinibhlacinia.net,Dustin,PROFESSOR
124,Vivamus.nibh.dolor@sagittisfelis.ca,Yardley,PROFESSOR
125,nibh.dolor@leoin.ca,Craig,PROFESSOR
126,Suspendisse@imperdietornareIn.co.uk,Baxter,PROFESSOR
127,Etiam.bibendum.fermentum@metusIn.net,Otto,PROFESSOR
128,Lorem.ipsum@velturpisAliquam.co.uk,Lars,PROFESSOR
129,justo.eu@nuncIn.org,Brianna,PROFESSOR
130,lacus@primis.com,Sharon,PROFESSOR
131,Proin.eget@Mauris.ca,Yvonne,PROFESSOR
132,volutpat@atauctor.edu,Chadwick,PROFESSOR
133,erat.vel@lacusQuisque.co.uk,Xantha,PROFESSOR
134,Sed.neque.Sed@fringillaornare.edu,Vivien,PROFESSOR
135,rhoncus.id.mollis@Aeneanmassa.edu,Andrew,PROFESSOR
136,dignissim.pharetra@eu.edu,Byron,PROFESSOR
137,Curabitur.sed@blandit.com,Colt,PROFESSOR
138,ullamcorper@maurisblanditmattis.edu,Melodie,PROFESSOR
139,risus@vulputatemauris.net,Cooper,PROFESSOR
140,eu@Nullamscelerisqueneque.com,Mona,PROFESSOR
141,eu.eros@augue.ca,Hector,PROFESSOR
142,eu.tempor@suscipitnonummy.ca,Hope,PROFESSOR
143,tincidunt.Donec.vitae@egetodioAliquam.ca,Alea,PROFESSOR
144,auctor.ullamcorper.nisl@ametdapibus.org,Urielle,PROFESSOR
145,dui.semper@anteipsumprimis.edu,Yeo,PROFESSOR
146,lacinia@iaculisneceleifend.edu,Jack,PROFESSOR
147,pede@quis.ca,Fredericka,PROFESSOR
148,vehicula@hendreritconsectetuercursus.ca,Xena,PROFESSOR
149,Aliquam@id.org,Keegan,PROFESSOR
150,ac.arcu@fermentumfermentum.edu,Griffin,PROFESSOR
151,feugiat.Lorem@Vivamusrhoncus.net,Paula,PROFESSOR
152,In.at.pede@nonante.co.uk,Xanthus,PROFESSOR
153,eget.nisi@Donecdignissim.co.uk,Mannix,PROFESSOR
154,non@euplacerat.net,Blaze,PROFESSOR
155,Nunc.laoreet.lectus@nislarcuiaculis.com,Jillian,PROFESSOR
156,Nunc.lectus.pede@estmauris.com,Hiroko,PROFESSOR
157,vehicula.et.rutrum@natoque.edu,George,PROFESSOR
158,imperdiet.erat@quamPellentesque.ca,Lillian,PROFESSOR
159,amet.diam@nonlaciniaat.co.uk,Todd,PROFESSOR
160,ac.fermentum.vel@apurus.co.uk,Doris,PROFESSOR
161,Proin.vel.arcu@arcuac.net,Jordan,PROFESSOR
162,enim.Sed@gravidanuncsed.net,Naida,PROFESSOR
163,penatibus.et@Integer.net,Ishmael,PROFESSOR
164,pede.Cras@purus.edu,Renee,PROFESSOR
165,natoque.penatibus.et@semperpretium.co.uk,Rina,PROFESSOR
166,egestas.Aliquam.fringilla@nibh.ca,Denton,PROFESSOR
167,vulputate@ligulaAliquamerat.net,Mallory,PROFESSOR
168,Maecenas.iaculis.aliquet@massalobortisultrices.com,John,PROFESSOR
169,risus.odio.auctor@lobortisClassaptent.org,Ali,PROFESSOR
170,pellentesque.tellus@ipsumPhasellus.co.uk,Paula,PROFESSOR
171,velit@nonummyFuscefermentum.co.uk,Howard,PROFESSOR
172,sed.orci@Aenean.com,Phoebe,PROFESSOR
173,facilisis.non@consequat.com,Xaviera,PROFESSOR
174,tincidunt.pede@tristiquesenectus.ca,Tucker,PROFESSOR
175,amet.faucibus@malesuadaInteger.co.uk,Kirsten,PROFESSOR
176,scelerisque.mollis.Phasellus@leoMorbi.com,Blaine,PROFESSOR
177,Etiam@Namnullamagna.net,Ahmed,PROFESSOR
178,enim.condimentum@eutelluseu.edu,Dominic,PROFESSOR
179,pede.nec.ante@Utsagittislobortis.co.uk,Aretha,PROFESSOR
180,vitae.dolor@enimdiam.com,Lionel,PROFESSOR
181,Nullam.velit@nunc.com,Hiroko,PROFESSOR
182,feugiat.non@eratvolutpat.edu,Zena,PROFESSOR
183,Curabitur.massa.Vestibulum@cursusluctusipsum.ca,Duncan,PROFESSOR
184,non.lobortis.quis@aneque.co.uk,Jade,PROFESSOR
185,pharetra@velit.net,Dora,PROFESSOR
186,eu@feugiattellus.edu,Vernon,PROFESSOR
187,augue.Sed@interdum.net,Aiko,PROFESSOR
188,nec.enim.Nunc@acturpis.com,Rebecca,PROFESSOR
189,nostra@vitaevelitegestas.net,Noble,PROFESSOR
190,sagittis.lobortis@Curabituregestasnunc.net,Sarah,PROFESSOR
191,Quisque@nibhQuisquenonummy.ca,Renee,PROFESSOR
192,rutrum@odiovelest.net,Whitney,PROFESSOR
193,risus.Quisque@facilisismagnatellus.ca,Ivory,PROFESSOR
194,ante.ipsum.primis@vestibulum.org,Scott,PROFESSOR
195,a@magna.com,Anthony,PROFESSOR
196,sed@Mauris.edu,Dara,PROFESSOR
197,nulla.Donec@uterat.co.uk,Laurel,PROFESSOR
198,Vestibulum.ante@Nuncmauriselit.edu,Leonard,PROFESSOR
199,Aenean.massa.Integer@utcursusluctus.net,Oprah,PROFESSOR
