Matrícula,Senha,Email,Nome,Nível Acesso
100,100,tempor.arcu@Suspendissesed.org,Zane
101,101,ullamcorper@diamloremauctor.co.uk,Len
102,102,taciti.sociosqu.ad@gravida.ca,Nicole
103,103,Maecenas.libero.est@natoque.co.uk,Lydia
104,104,ultricies.adipiscing@Aliquamauctorvelit.net,Audrey
105,105,tempor.arcu@Donecfeugiat.net,Alec
106,106,ultrices@adipiscingMauris.net,Quail
107,107,Suspendisse@bibendumullamcorperDuis.co.uk,Abigail
108,108,adipiscing.ligula.Aenean@consectetuereuismodest.ca,Evan
109,109,velit.dui.semper@Nam.ca,Keegan
110,110,Curae.Phasellus@ac.org,Paula
111,111,eros.Proin@eumetus.ca,Chloe
112,112,fringilla.mi@Integersemelit.org,Quentin
113,113,felis.eget@consectetuer.com,Cole
114,114,Vestibulum.accumsan.neque@ametdapibus.co.uk,Jessica
115,115,velit.Quisque@Namacnulla.org,Belle
116,116,semper.dui.lectus@in.com,Brielle
117,117,accumsan.interdum.libero@tempor.net,Amity
118,118,non.cursus.non@sitametdapibus.ca,Walter
119,119,ornare.tortor.at@dictum.ca,Anthony
120,120,sit.amet.consectetuer@disparturient.net,Kerry
121,121,Vivamus.molestie@mollisInteger.edu,Kevin
122,122,parturient.montes.nascetur@rutrumFuscedolor.edu,Cullen
123,123,id@nisinibhlacinia.net,Dustin
124,124,Vivamus.nibh.dolor@sagittisfelis.ca,Yardley
125,125,nibh.dolor@leoin.ca,Craig
126,126,Suspendisse@imperdietornareIn.co.uk,Baxter
127,127,Etiam.bibendum.fermentum@metusIn.net,Otto
128,128,Lorem.ipsum@velturpisAliquam.co.uk,Lars
129,129,justo.eu@nuncIn.org,Brianna
130,130,lacus@primis.com,Sharon
131,131,Proin.eget@Mauris.ca,Yvonne
132,132,volutpat@atauctor.edu,Chadwick
133,133,erat.vel@lacusQuisque.co.uk,Xantha
134,134,Sed.neque.Sed@fringillaornare.edu,Vivien
135,135,rhoncus.id.mollis@Aeneanmassa.edu,Andrew
136,136,dignissim.pharetra@eu.edu,Byron
137,137,Curabitur.sed@blandit.com,Colt
138,138,ullamcorper@maurisblanditmattis.edu,Melodie
139,139,risus@vulputatemauris.net,Cooper
140,140,eu@Nullamscelerisqueneque.com,Mona
141,141,eu.eros@augue.ca,Hector
142,142,eu.tempor@suscipitnonummy.ca,Hope
143,143,tincidunt.Donec.vitae@egetodioAliquam.ca,Alea
144,144,auctor.ullamcorper.nisl@ametdapibus.org,Urielle
145,145,dui.semper@anteipsumprimis.edu,Yeo
146,146,lacinia@iaculisneceleifend.edu,Jack
147,147,pede@quis.ca,Fredericka
148,148,vehicula@hendreritconsectetuercursus.ca,Xena
149,149,Aliquam@id.org,Keegan
150,150,ac.arcu@fermentumfermentum.edu,Griffin
151,151,feugiat.Lorem@Vivamusrhoncus.net,Paula
152,152,In.at.pede@nonante.co.uk,Xanthus
153,153,eget.nisi@Donecdignissim.co.uk,Mannix
154,154,non@euplacerat.net,Blaze
155,155,Nunc.laoreet.lectus@nislarcuiaculis.com,Jillian
156,156,Nunc.lectus.pede@estmauris.com,Hiroko
157,157,vehicula.et.rutrum@natoque.edu,George
158,158,imperdiet.erat@quamPellentesque.ca,Lillian
159,159,amet.diam@nonlaciniaat.co.uk,Todd
160,160,ac.fermentum.vel@apurus.co.uk,Doris
161,161,Proin.vel.arcu@arcuac.net,Jordan
162,162,enim.Sed@gravidanuncsed.net,Naida
163,163,penatibus.et@Integer.net,Ishmael
164,164,pede.Cras@purus.edu,Renee
165,165,natoque.penatibus.et@semperpretium.co.uk,Rina
166,166,egestas.Aliquam.fringilla@nibh.ca,Denton
167,167,vulputate@ligulaAliquamerat.net,Mallory
168,168,Maecenas.iaculis.aliquet@massalobortisultrices.com,John
169,169,risus.odio.auctor@lobortisClassaptent.org,Ali
170,170,pellentesque.tellus@ipsumPhasellus.co.uk,Paula
171,171,velit@nonummyFuscefermentum.co.uk,Howard
172,172,sed.orci@Aenean.com,Phoebe
173,173,facilisis.non@consequat.com,Xaviera
174,174,tincidunt.pede@tristiquesenectus.ca,Tucker
175,175,amet.faucibus@malesuadaInteger.co.uk,Kirsten
176,176,scelerisque.mollis.Phasellus@leoMorbi.com,Blaine
177,177,Etiam@Namnullamagna.net,Ahmed
178,178,enim.condimentum@eutelluseu.edu,Dominic
179,179,pede.nec.ante@Utsagittislobortis.co.uk,Aretha
180,180,vitae.dolor@enimdiam.com,Lionel
181,181,Nullam.velit@nunc.com,Hiroko
182,182,feugiat.non@eratvolutpat.edu,Zena
183,183,Curabitur.massa.Vestibulum@cursusluctusipsum.ca,Duncan
184,184,non.lobortis.quis@aneque.co.uk,Jade
185,185,pharetra@velit.net,Dora
186,186,eu@feugiattellus.edu,Vernon
187,187,augue.Sed@interdum.net,Aiko
188,188,nec.enim.Nunc@acturpis.com,Rebecca
189,189,nostra@vitaevelitegestas.net,Noble
190,190,sagittis.lobortis@Curabituregestasnunc.net,Sarah
191,191,Quisque@nibhQuisquenonummy.ca,Renee
192,192,rutrum@odiovelest.net,Whitney
193,193,risus.Quisque@facilisismagnatellus.ca,Ivory
194,194,ante.ipsum.primis@vestibulum.org,Scott
195,195,a@magna.com,Anthony
196,196,sed@Mauris.edu,Dara
197,197,nulla.Donec@uterat.co.uk,Laurel
198,198,Vestibulum.ante@Nuncmauriselit.edu,Leonard
199,199,Aenean.massa.Integer@utcursusluctus.net,Oprah
